nuts,population
HUXXX,0.00
HUXX,0.00
HUX,0.00
FRXXX,0.00
FRXX,0.00
FRX,0.00
ALXXX,0.00
ALXX,0.00
ALX,0.00
MKXXX,179.00
MKXX,179.00
MKX,179.00
ES703,11154.00
CH054,16145.00
EL643,18814.00
AT321,20320.00
UKM65,22055.00
ES706,22100.00
UKM66,23125.00
EL624,23845.00
UKM64,26688.00
FI200,29789.00
FI20,29789.00
FI2,29789.00
AT331,32670.00
MT002,33388.00
DEB3A,34209.00
DEG04,34835.00
CH062,36433.00
AT111,37513.00
CH064,37841.00
LI000,38378.00
LI00,38378.00
LI0,38378.00
LI,38378.00
EL623,38718.00
DK014,39662.00
EL621,39737.00
DEB37,40403.00
CH051,40403.00
DE255,40792.00
DE243,41249.00
DE251,41847.00
DE231,41970.00
DEG0N,42370.00
EL645,42436.00
DE233,42520.00
CH065,43223.00
DE274,43837.00
DE272,43893.00
HR032,44834.00
EL542,45064.00
DE244,45930.00
NL112,46051.00
EL532,46668.00
DEB33,46677.00
DE223,47794.00
EL412,48238.00
DE934,48424.00
DEB31,48561.00
AT333,48753.00
BE342,49125.00
EL533,49519.00
DE942,50195.00
DEB38,50378.00
BE252,51560.00
DE222,52469.00
SI038,52544.00
DEB36,53148.00
BE345,53791.00
DE262,54032.00
DE121,55123.00
CH053,55234.00
DEG0H,56196.00
ITG2A,56362.00
DE94H,56882.00
SI035,56962.00
BE343,57283.00
DE403,57873.00
EL413,58055.00
SE214,59249.00
DEB24,60603.00
AL033,61423.00
DEB1C,61587.00
BE258,61707.00
BE341,63062.00
DE213,63324.00
BE344,63424.00
DEG0E,63553.00
DEG05,65090.00
DE24C,66838.00
HR049,67028.00
DE24A,67135.00
BE353,67180.00
FI1D5,68437.00
DE273,68907.00
DEG0D,69655.00
UKL11,70073.00
DEB3G,70526.00
DE261,70527.00
SI033,70588.00
DE926,70975.00
DE24B,71845.00
DE401,72124.00
DE221,72404.00
DE23A,72504.00
FI1D8,73061.00
DE24D,73178.00
CH025,73419.00
EL432,74006.00
HR048,74521.00
DE242,74657.00
DEG0A,75009.00
DEB3D,75101.00
SI036,75559.00
NO073,75863.00
DE945,76278.00
FRJ14,76401.00
DE40F,76508.00
BE324,76520.00
AL013,76594.00
DE241,77592.00
DE941,77607.00
DE229,77656.00
BE336,77903.00
DE225,78355.00
DEF04,79487.00
DE266,79690.00
AT222,79901.00
EL523,80475.00
DEB15,80720.00
PT16H,80782.00
DEG0K,80868.00
DEE01,81237.00
BE334,81498.00
DE27A,81669.00
DEG0G,81947.00
CH052,81991.00
TRA13,82274.00
DEG0J,83051.00
DEB39,83330.00
RS229,83743.00
DEE04,83765.00
DEG07,83822.00
RS226,84244.00
ITF21,84379.00
DE267,84599.00
ES640,84689.00
ES64,84689.00
ES707,84793.00
ES630,84829.00
ES63,84829.00
BG311,84865.00
BE233,85378.00
PT11B,86466.00
DE247,86906.00
BE321,87125.00
6-Dec,87397.00
EL433,87582.00
TRB14,88198.00
DE21D,88467.00
DE94G,88624.00
ES417,89501.00
DEF01,89504.00
DEE06,89928.00
DEG0M,90118.00
DE268,90909.00
DE917,91307.00
AT341,91889.00
DE93A,92572.00
BE257,93040.00
PT181,93259.00
LT027,93695.00
DEG02,94152.00
DE237,94352.00
DE25C,94393.00
UKM61,94917.00
DEB3K,95113.00
DE249,95311.00
DE804,95818.00
DE277,96021.00
DE22C,96217.00
ES533,96620.00
DE21I,96680.00
ITG2B,96774.00
DE71B,96798.00
EL514,96845.00
AT113,96939.00
DEG0L,98159.00
DE94A,98460.00
DEB23,98561.00
TRA24,98907.00
DE40D,99078.00
HR034,99633.00
AT226,99663.00
DE21F,99726.00
DEB32,99845.00
UKM63,100012.00
DE402,100219.00
DE25A,100364.00
DEG06,100380.00
DE22B,100649.00
DE737,101017.00
EL622,101569.00
DE407,102638.00
DEG09,102912.00
DEB1D,102937.00
DE234,103109.00
DE265,103218.00
2-Dec,103366.00
DE246,103656.00
AT334,104418.00
DE912,104948.00
BG424,105421.00
PT186,105479.00
NL341,105499.00
DE215,105722.00
DE725,105878.00
DEB3F,106057.00
DEG0I,106356.00
UKC13,106522.00
BE253,106551.00
RS223,106917.00
HR045,107076.00
HR047,107186.00
PT11E,107860.00
BG322,108404.00
DEG0F,108742.00
BG325,109271.00
HR046,109537.00
NO052,109774.00
DEB3H,110356.00
DE40B,110476.00
EL527,110593.00
DEB21,110636.00
EL513,110666.00
DEA18,110994.00
DE214,111210.00
DEG03,111407.00
BG334,111597.00
EL512,111631.00
DE252,111962.00
DEE0D,111982.00
DE119,112010.00
RS221,112085.00
BE351,112159.00
BG324,112229.00
DEB22,112262.00
UKM94,112461.00
DE936,113517.00
BE331,113528.00
DE502,113634.00
DEB11,114024.00
SI031,114287.00
DE40G,114429.00
EL411,114805.00
SI044,115016.00
DE26B,115106.00
UKM91,115230.00
DE21G,115250.00
DE248,116099.00
HR04D,116166.00
PT184,116557.00
UKN16,117051.00
FRI22,117071.00
DEA31,117383.00
DE258,117387.00
SI043,117616.00
NO041,117655.00
DE12C,117935.00
BG343,118897.00
AL011,118948.00
BG415,119041.00
DE224,119326.00
DE40I,119552.00
DE91B,119960.00
DE21E,120071.00
DE22A,120659.00
DE733,120829.00
BG414,120880.00
EL541,120936.00
DE927,121386.00
HR037,121425.00
EL641,122256.00
DE226,122258.00
DEB1A,122308.00
DEG0B,122347.00
ES704,122629.00
EE006,122922.00
DEG0P,123025.00
DE946,124071.00
UKL12,124147.00
DE913,124151.00
ITG2C,124239.00
AT212,124252.00
BE235,124402.00
HR043,124786.00
BG315,124873.00
AT125,124967.00
AL031,125157.00
AL014,125195.00
DE129,125542.00
ITC20,125666.00
ITC2,125666.00
DE278,125747.00
DEE0E,125840.00
DE117,125960.00
DE144,126329.00
DE26A,126365.00
EL422,126786.00
CH066,126837.00
DE25B,126958.00
LT029,127029.00
DE21J,127151.00
DE216,127227.00
DE253,127748.00
DE263,127880.00
DE235,127882.00
DEF0A,128647.00
DEB13,128705.00
DE713,128744.00
FI1C5,128756.00
DE269,128756.00
IS002,128760.00
DEB3E,129075.00
DEB3B,129244.00
BG312,129637.00
DEB12,129727.00
DE94D,130144.00
SE322,130280.00
DE149,130873.00
DEF0E,131347.00
EL525,131879.00
LT028,132082.00
UKL24,132093.00
3-Dec,132206.00
DE11B,132321.00
DE219,132341.00
DE11C,132472.00
DEB3C,132660.00
NL133,132684.00
DE918,132765.00
DEF05,133210.00
ES242,133298.00
EL515,133391.00
DE27D,133496.00
DE236,133561.00
DE275,133596.00
DE91A,133965.00
DEA59,134775.00
DE21N,135348.00
DEG0C,135452.00
NL125,135764.00
LT021,135906.00
UKK42,136051.00
DE21L,136092.00
RS124,136183.00
EE007,136240.00
DEE0A,136249.00
DE257,136271.00
DE94B,136511.00
DE93B,136792.00
DE211,136981.00
DE916,137014.00
EL524,137181.00
DE21A,137660.00
LT024,138678.00
HR04A,138804.00
UKN15,138948.00
UKD42,139098.00
ITH43,139403.00
DE135,139455.00
DE938,139755.00
DE137,140152.00
DE27B,140316.00
DEA44,140667.00
FRC24,141085.00
EL521,141585.00
DE94F,141598.00
UKJ34,141606.00
FRL02,141651.00
DE218,142142.00
TRC13,142541.00
UKN13,142565.00
5-Dec,142631.00
DE127,143535.00
FRK12,143592.00
SI037,144032.00
DE27C,144041.00
UKN12,144367.00
FI1D1,144615.00
UKN14,144771.00
NL111,146803.00
DE245,147086.00
DE239,147189.00
EL511,147190.00
HR04E,147216.00
BE327,147634.00
EL652,147739.00
UKN11,148378.00
DE923,148559.00
UKD41,148753.00
UKM92,148871.00
EE004,148940.00
DEB25,148945.00
AT213,149159.00
UKN10,150557.00
ES708,150998.00
MK001,152020.00
BE326,152358.00
HR04C,152494.00
DE232,152610.00
FRJ21,152750.00
PT187,152865.00
BG425,152873.00
BE256,153394.00
ITG26,153448.00
DE217,153884.00
ES416,154095.00
DEB3I,154201.00
DE27E,155362.00
AT123,155446.00
AT314,155486.00
ITI42,155503.00
NL212,155539.00
EL633,155576.00
DEA55,156374.00
DE80M,156729.00
DE736,156953.00
BE255,157293.00
DE928,157781.00
DEB14,158080.00
ITC14,158349.00
DE12A,158397.00
ITG28,158513.00
DE227,158698.00
AT112,158981.00
AT223,159044.00
CH063,159165.00
DE711,159207.00
ES411,159260.00
DEA19,159360.00
EL644,159387.00
EL434,159576.00
SE221,159684.00
DEE05,159854.00
ITF64,160073.00
DE125,160355.00
ES414,160701.00
FRM01,160760.00
UKN09,160975.00
UKM76,161029.00
ITG29,161360.00
DE26C,161834.00
DE408,161909.00
FI1D3,162240.00
BG313,162549.00
TR906,162748.00
RS212,162887.00
DE937,163455.00
DEA24,163838.00
DE944,164748.00
ITG16,164788.00
FRL01,164843.00
DE133,165383.00
DEF07,165507.00
HR044,166658.00
RS222,166777.00
NO072,167202.00
EL526,167374.00
EL543,167696.00
NL132,167968.00
ES531,167992.00
HR033,168031.00
AT322,168035.00
DE943,168210.00
DE40H,168296.00
DE406,169067.00
DE948,169348.00
DE94C,169809.00
DE259,170365.00
DE13A,170619.00
EL531,170821.00
DEA16,170880.00
ITC12,170911.00
DEB34,171061.00
FI1C2,171364.00
FRF24,171401.00
DEE07,171734.00
DE723,172083.00
RS121,172110.00
NL325,172214.00
BG333,172355.00
UKH24,173237.00
MK004,173304.00
NO034,173318.00
FI1C4,173388.00
UKH32,173405.00
FRJ25,173521.00
ES419,173632.00
ITI35,173800.00
BG332,173831.00
TR905,174010.00
DE279,174200.00
DE264,174208.00
RS126,174732.00
MK002,174876.00
ITF62,174980.00
ITC13,175585.00
DE914,175920.00
MK007,176155.00
CH024,176850.00
DE21M,177089.00
UKG21,177450.00
DE404,178089.00
EL651,178244.00
FI1D7,178522.00
DE40C,178658.00
RS125,178853.00
DE931,178936.00
DEA54,179111.00
DE21B,179116.00
DEE08,180190.00
DE735,180222.00
EL306,180485.00
FRM02,180794.00
FI195,180794.00
UKN08,180825.00
ITC44,181095.00
DEB18,181941.00
DE405,182760.00
UKM78,183025.00
DE935,183372.00
UKH31,183453.00
FRF32,183633.00
DE256,183949.00
DEE0B,184582.00
PL618,185908.00
RS227,185950.00
LV008,186095.00
BG342,186495.00
DE71D,187157.00
NL126,187255.00
NO042,187589.00
DEA53,188814.00
DE143,188935.00
HU313,189304.00
AL035,189311.00
NO022,189545.00
FI194,189715.00
DE947,189848.00
FRJ24,190354.00
DEE0C,190560.00
PT11D,191101.00
BE325,191391.00
NL131,191515.00
DE228,192043.00
UKG11,192214.00
DEA28,192840.00
DE238,193572.00
DE409,194328.00
RO225,194421.00
AT225,194466.00
CH031,194766.00
ITI11,194878.00
4-Dec,195201.00
DE11A,195861.00
DE145,196047.00
RS228,196971.00
DEF06,197264.00
NO021,197406.00
TRA23,197456.00
DED53,197673.00
ITF52,197909.00
UKM73,197947.00
NL323,197988.00
DE932,198213.00
CH056,198379.00
RS215,198646.00
DE12B,198905.00
TR813,198999.00
RS214,199330.00
ES423,199628.00
DE146,199742.00
SE212,199886.00
RS224,199946.00
DEF0C,200025.00
DEF08,200581.00
EL631,200617.00
FI1C3,200629.00
BE232,201299.00
DE731,201585.00
DEB1B,201597.00
UKH11,201799.00
FRC12,202115.00
RO123,202146.00
AL015,202895.00
ITH33,202950.00
DE939,203102.00
EL613,203162.00
EL62,203869.00
UKM62,204193.00
BE223,204289.00
SI042,204670.00
ITI34,207179.00
AL034,207889.00
DE803,208886.00
HR036,209020.00
AT313,209304.00
UKE21,210235.00
BE335,210512.00
UKD61,210829.00
DEA17,210829.00
DEB3J,210889.00
DE40A,211249.00
RO116,211691.00
DE136,212381.00
DE80O,212618.00
UKL13,212675.00
EL642,213067.00
PT16J,213326.00
DEG01,213699.00
ITC31,213840.00
DEB17,214259.00
DEE09,214446.00
LT025,214617.00
ITC17,214638.00
DE40E,214664.00
UKG32,215055.00
DE80K,215113.00
UKN07,215246.00
UKJ31,216023.00
DE147,216227.00
TR822,216362.00
DE922,216886.00
DEB35,217118.00
DEF03,217198.00
EL421,217241.00
AT124,217445.00
HU233,217463.00
UKH21,218045.00
BG323,218556.00
FI196,218624.00
FRB03,218810.00
ES241,219239.00
DE21C,219320.00
ITC34,219556.00
MK003,219571.00
TR823,219733.00
DEA35,219929.00
EL41,221098.00
ITF22,221238.00
ITI1A,221629.00
UKK14,222517.00
DE732,222584.00
PL637,222635.00
RS216,222907.00
TR413,223448.00
UKM81,223516.00
DE80L,224684.00
ITI22,225633.00
DEA14,227020.00
FRK13,227082.00
DE142,227331.00
FRJ26,227417.00
DED44,227796.00
MK005,227912.00
BG422,228141.00
IS001,228231.00
DE139,228639.00
BG412,229041.00
ITC49,230198.00
DE131,230241.00
LV009,230331.00
PT111,230954.00
DE124,231018.00
UKD47,231151.00
NL333,231157.00
UKD11,232618.00
PT16I,232849.00
FRC23,234401.00
EL611,234445.00
ITH44,234493.00
ITH37,234937.00
NL324,235141.00
BG321,235708.00
TRA12,236034.00
DE718,236564.00
DE734,236633.00
DE80N,236697.00
NL422,236702.00
PT185,237318.00
DE71A,237735.00
AT315,237884.00
DEE03,238697.00
DEE02,239257.00
LV003,240113.00
BG314,240380.00
FRI21,240870.00
RO413,241262.00
BE222,241849.00
TR715,241868.00
DED2E,242165.00
PT200,242846.00
PT20,242846.00
PT2,242846.00
DEF0F,243196.00
NO071,243385.00
NL224,244052.00
SE213,244670.00
UKL21,244891.00
SE321,245453.00
FI1D2,245602.00
DED2F,245611.00
UKL18,246217.00
DE724,246648.00
NL328,246730.00
AT121,246740.00
UKM77,246780.00
DED41,247237.00
DEF02,247548.00
TR812,248014.00
DE911,248292.00
EL653,248464.00
DK021,249359.00
SE332,250497.00
DEA43,250783.00
NO033,251084.00
UKM93,251307.00
DE276,251534.00
TR522,251913.00
PT16G,252220.00
DE933,252776.00
UKI32,253137.00
BE236,253163.00
HU222,253551.00
DE722,253777.00
PT300,253945.00
PT30,253945.00
PT3,253945.00
DEA29,254322.00
UKJ32,254361.00
UKD44,254791.00
DED2D,254894.00
NL327,254970.00
BG423,255479.00
RO315,256120.00
UKG23,256127.00
SI034,256359.00
DE114,257253.00
AT335,257436.00
UKH16,257538.00
ITI15,257716.00
DED52,257763.00
PL926,258576.00
FRC22,258611.00
UKF11,258746.00
ES424,258890.00
DE80J,259130.00
BE323,259175.00
LV005,260226.00
DEA57,260475.00
AT122,260480.00
DEA32,260654.00
DE21K,260983.00
UKE11,261149.00
FRJ28,261197.00
DEA15,261454.00
TR425,262234.00
UKG39,262242.00
ITG15,262458.00
LT026,262487.00
DE132,262795.00
PL843,263323.00
DEA26,263722.00
UKK41,264135.00
UKM71,265465.00
UKD12,265465.00
RO314,266194.00
AT224,266912.00
EL53,267008.00
RS211,267026.00
ITI19,267197.00
NO053,267420.00
FRF21,268178.00
HU223,268648.00
DE721,268876.00
FRY50,269471.00
FRY5,269471.00
DE715,269694.00
TR613,269926.00
UKI31,270016.00
SE331,270154.00
RO422,271292.00
UKJ12,271677.00
DEA2A,272471.00
DEF0B,272775.00
CH023,273194.00
SE125,273929.00
DE717,274526.00
AL021,274982.00
HR04B,275056.00
FI193,275521.00
UKD73,275562.00
DEF0D,276032.00
ITC32,276064.00
CH057,276472.00
DE925,276594.00
UKC12,276988.00
ITF32,277018.00
NL342,277533.00
UKH17,277633.00
UKC23,277733.00
DEA38,277783.00
DEA5A,278210.00
DE714,278342.00
RS122,278356.00
FRJ22,278703.00
RO112,278851.00
RS213,278943.00
FRD13,279304.00
PL623,280704.00
UKJ41,280894.00
EL612,281033.00
TRB13,281205.00
SE311,281482.00
NL421,282067.00
RS218,282309.00
BE251,282520.00
NO032,283148.00
HR031,283405.00
DEA2B,283455.00
FRY30,283539.00
FRY3,283539.00
UKG38,283663.00
DE148,284285.00
RO312,284299.00
PT16F,284492.00
DE138,285325.00
UKF12,285393.00
UKH25,285931.00
UKL17,286272.00
TRB24,286470.00
SE313,286547.00
TR711,286602.00
BE34,286685.00
DE141,286748.00
ITH51,287152.00
SE312,287191.00
AT211,287528.00
AT311,287640.00
CH032,288132.00
TRA22,288878.00
RO221,289537.00
AL012,290126.00
BE254,290930.00
UKC11,290998.00
BE231,291351.00
UKJ21,292169.00
ITI13,292473.00
UKL23,293370.00
AT11,293433.00
HU312,294609.00
SE122,294695.00
AL032,294747.00
CZ041,294896.00
DE271,295135.00
DE716,297399.00
NO031,297520.00
RS127,298099.00
TR714,298339.00
PL811,298352.00
DEA1E,298935.00
EL632,298996.00
ITF11,299031.00
FRB01,299060.00
HU212,299207.00
UKL15,299239.00
UKJ45,300082.00
DED2C,300880.00
HU232,301429.00
DEA5B,301902.00
SE124,302252.00
RO124,302308.00
AT342,302408.00
IE063,304163.00
RS217,304807.00
BG413,305123.00
ITF2,305617.00
FRG03,306083.00
DED43,306185.00
DE71E,306460.00
DEA47,306890.00
ES113,307841.00
ITF12,308052.00
UKH35,308522.00
HR042,309306.00
DE126,309370.00
FRF22,310063.00
DEA46,310710.00
DEA1B,310974.00
AT332,311428.00
TR424,311810.00
ITH41,312533.00
DE122,313092.00
ES230,313571.00
ES23,313571.00
EL431,313766.00
DE11D,314002.00
ITI33,314178.00
DEA33,314319.00
DEF09,314391.00
RO412,315494.00
BG344,316356.00
ITI41,317030.00
EE008,317240.00
DED45,317531.00
BE352,317552.00
LT023,317722.00
CH022,318714.00
ITF13,318909.00
UKC21,319010.00
UKH36,319145.00
UKG22,319189.00
UKM95,319317.00
UKI42,319821.00
UKG36,320320.00
RO226,320723.00
ITG18,320893.00
MK006,322298.00
UKD74,323266.00
SI032,324104.00
DEA56,324296.00
NL124,324653.00
RO121,325426.00
PL923,325475.00
DE949,325657.00
FRK22,326485.00
DEA22,327258.00
UKI34,327451.00
ES211,327682.00
DE91C,328074.00
UKI45,328244.00
UKG37,328774.00
PL636,328934.00
FRB05,329276.00
SE231,329352.00
ES112,329587.00
1-Dec,329708.00
ITG25,330211.00
AT126,330362.00
UKD46,330381.00
FRI14,331202.00
UKF14,331297.00
UKI72,331616.00
NL33B,331621.00
TRC34,331670.00
UKE13,331871.00
ES415,332234.00
RO115,332572.00
FRK11,333659.00
EL54,333696.00
DEA41,333786.00
RO317,334143.00
HU332,334264.00
FRC14,334302.00
UKI61,334536.00
ITI16,334832.00
PL219,335414.00
ITC43,337380.00
TR834,337508.00
DED42,337696.00
UKI54,338201.00
PL922,338306.00
ITH59,339017.00
UKE12,339625.00
UKM84,339746.00
UKD63,339824.00
UKI33,339909.00
HU213,341317.00
UKN06,341506.00
FRM0,341554.00
FRM,341554.00
AT127,342102.00
ITI18,342654.00
DE118,343068.00
UKL16,343280.00
UKE45,343932.00
CH012,343955.00
EL42,344027.00
UKI73,344837.00
BE212,344980.00
ITH56,345691.00
UKF25,346244.00
UKK21,348309.00
DEA45,348391.00
TR904,348608.00
DE21H,348871.00
TRB23,349396.00
UKF16,349566.00
FRI31,349643.00
RO415,350059.00
PL426,350291.00
UKM83,351257.00
CH070,353343.00
CH07,353343.00
DE71C,354092.00
DEA1A,354382.00
PL619,354937.00
ES412,355429.00
PT16B,356785.00
IS00,356991.00
IS0,356991.00
IS,356991.00
DE94E,357343.00
UKF21,357394.00
ITF63,358316.00
PL715,358822.00
ITI31,358886.00
ITC4A,358955.00
PL617,359520.00
HU231,360704.00
SE211,360825.00
TR213,360860.00
RS225,361446.00
PT16D,362100.00
FRF34,362243.00
FRY20,363484.00
FRY2,363484.00
PL523,363713.00
DEA42,364083.00
DEA51,364628.00
TR713,364707.00
UKH37,364848.00
ITF51,364960.00
UKJ43,366135.00
AT323,366866.00
TR334,367514.00
UKJ37,368897.00
ITC15,369018.00
UKJ46,369178.00
UKG33,369461.00
HU322,370007.00
LV007,370589.00
DEA34,370676.00
UKH15,370822.00
NL211,371608.00
FRJ11,371822.00
FRI23,372040.00
FRI33,373100.00
RO216,373863.00
NL321,375659.00
SE32,375733.00
SE121,376354.00
RO212,379622.00
PL431,380438.00
UKD62,380694.00
PL924,381313.00
NL34,383032.00
PL616,383322.00
TR821,383373.00
PL842,383563.00
RO423,383647.00
PL822,384141.00
ITF14,385588.00
PL712,385629.00
UKL14,386480.00
NO02,386951.00
TR423,387844.00
FRJ27,387854.00
ITI12,387876.00
ITH57,389456.00
UKI62,389473.00
ES421,389528.00
ITF48,390011.00
NL113,391136.00
UKD45,391144.00
DE112,391640.00
PL22C,392618.00
ES432,392931.00
ITF44,392975.00
AT34,394297.00
RO414,394389.00
ITH58,394627.00
DEA5C,394782.00
UKI71,395839.00
HU333,399012.00
ITG19,399224.00
NL225,400685.00
PL424,400859.00
RO126,401006.00
UKF24,403687.00
PT112,403891.00
BE310,404270.00
BE31,404270.00
UKJ26,404293.00
NL33A,405481.00
UKJ28,405631.00
IE041,405926.00
PL411,406147.00
TRB22,407992.00
CH061,409557.00
FRI11,410151.00
BG341,410331.00
FRI13,410346.00
TR212,411528.00
DEA58,412120.00
FI1D9,412161.00
TR712,412172.00
ITC4B,412292.00
PT119,412669.00
RO222,413723.00
FRY10,416474.00
FRY1,416474.00
NL230,416546.00
NL23,416546.00
PT11C,417268.00
RO421,417422.00
PL925,417565.00
HU211,417712.00
ITF34,418306.00
PL427,418331.00
DE719,418950.00
ITI17,419037.00
ITC18,421284.00
UKM72,423970.00
TR723,424981.00
PL638,425158.00
DE116,426158.00
UKK22,427063.00
NL337,427217.00
DE134,429479.00
BE221,429704.00
DK041,430111.00
ITG11,430492.00
FRB02,430911.00
PL228,431037.00
ES513,431183.00
BE322,431879.00
FRK27,432181.00
PT16E,434015.00
IE052,434267.00
ITG14,434870.00
FRI34,437355.00
PT150,438864.00
PT15,438864.00
TR612,441412.00
RO214,441811.00
CZ051,442356.00
PL714,442739.00
PL516,442785.00
AT221,443066.00
DE123,444232.00
DEA37,447614.00
HR035,447723.00
DEA1D,451007.00
ITH52,451631.00
PL217,452713.00
TR903,453912.00
UKJ27,457549.00
UKD71,457712.00
DEA1F,459809.00
MT001,460171.00
UKJ35,460523.00
RO114,460689.00
SE123,461583.00
IE042,462021.00
NO060,462032.00
NO06,462032.00
BE213,462457.00
ES413,462496.00
PL229,463141.00
DK013,463748.00
UKK11,467099.00
HU221,467144.00
DEA27,470089.00
UKM6,470990.00
PL821,471161.00
ITI32,471228.00
UKI75,471248.00
BG331,471252.00
PL722,472699.00
PL815,473468.00
UKF15,475079.00
NO043,475654.00
UKI52,476061.00
FRJ15,477522.00
FI1C1,478582.00
NL412,478957.00
EL302,483712.00
IE051,484164.00
RO322,485276.00
DEA1C,485684.00
NO07,486450.00
ITI45,489083.00
RO313,491242.00
NL13,492167.00
UKH34,492514.00
UKD34,492658.00
FRD12,492733.00
MT00,493559.00
MT0,493559.00
MT,493559.00
EL307,494908.00
ES422,495106.00
UKM50,495365.00
UKM5,495365.00
UKD72,496784.00
BE35,496891.00
UKL22,497646.00
UKD1,498083.00
DK031,498481.00
DEA12,498590.00
CH013,499480.00
UKK15,500865.00
HU331,503825.00
RO224,504058.00
PL841,505188.00
PL428,506021.00
CH055,507697.00
BE242,508613.00
CZ063,509274.00
PL224,510139.00
UKF13,510300.00
FI197,515095.00
UKI43,516586.00
PL621,517268.00
FRK23,517703.00
UKD35,517992.00
DE254,518365.00
CZ053,520316.00
ES418,520385.00
UKM75,520483.00
SE33,520651.00
EL304,522340.00
TRC33,524190.00
NO051,524495.00
ES615,524576.00
UKC14,527035.00
HU321,527989.00
ITH42,528791.00
FRE21,529132.00
DEB2,531007.00
ITH10,531178.00
ITH1,531178.00
ITH53,531891.00
FRC11,533307.00
DE113,533859.00
PL218,534399.00
TR633,534415.00
RO125,535193.00
PL415,535946.00
TR833,536483.00
UKE41,536986.00
UKJ44,538428.00
UKI51,538801.00
FRC21,539508.00
TRA21,539657.00
TR222,540662.00
ITH20,541098.00
ITH2,541098.00
UKJ13,543128.00
DE115,543984.00
ITC48,545888.00
PL21A,546208.00
DK012,547534.00
DE128,547625.00
ITF65,548009.00
SI041,549171.00
FRC13,550004.00
CZ052,551021.00
UKJ36,551640.00
RO122,552193.00
PL515,552576.00
HU323,552964.00
UKD33,553230.00
PL417,554079.00
DED21,554649.00
AT32,555221.00
DEA2D,555465.00
EL64,555960.00
UKJ22,558626.00
ITG27,558684.00
UKI74,559903.00
UKK23,560631.00
BE234,560690.00
FRL06,560767.00
AT21,560939.00
RO111,561404.00
LT022,561430.00
FRG04,562220.00
ITF5,562869.00
SK021,563591.00
FRF23,565322.00
EL305,566719.00
UKG13,568167.00
UKK30,568612.00
UKK3,568612.00
DE501,569352.00
FRE23,571025.00
ES522,571601.00
EL65,574447.00
ITI44,575254.00
EL301,576111.00
ITF43,576756.00
TR333,577941.00
RO311,579862.00
PL713,581062.00
ES130,581641.00
ES13,581641.00
PL524,582325.00
PL634,582378.00
CZ072,582921.00
DEA13,583109.00
NL11,583990.00
UKE32,584028.00
CZ032,584672.00
RO211,585146.00
SK022,585882.00
DEA52,587010.00
ITC16,587098.00
DK022,587379.00
UKI53,587575.00
DED51,587857.00
PL518,589426.00
DK050,589755.00
DK05,589755.00
AT312,591781.00
UKG12,592158.00
UKI63,592763.00
TRB12,595638.00
FRH01,597327.00
NL423,597368.00
TRC32,599103.00
ITC42,599204.00
PL824,599434.00
EE001,599478.00
TR811,599698.00
EL51,599723.00
DEA2C,599780.00
FRD21,601388.00
FRB04,605840.00
PL921,605972.00
PL622,606469.00
UKD36,612383.00
TR832,612646.00
UKE22,613819.00
LU000,613894.00
LU00,613894.00
LU0,613894.00
LU,613894.00
DEA36,615261.00
PL812,615481.00
RS123,618578.00
DEA11,619294.00
ME000,622182.00
ME00,622182.00
ME0,622182.00
ME,622182.00
ITF46,622183.00
PL227,622483.00
PL432,622872.00
NO012,624055.00
TRC12,624513.00
RO215,624563.00
RO411,625656.00
BE332,626627.00
ITG13,626876.00
UKI44,627380.00
UKM82,627479.00
NL213,629284.00
MK008,630817.00
PL823,631399.00
ES616,632027.00
CZ071,632492.00
LV006,632614.00
NL411,634030.00
DE111,634830.00
EL43,634930.00
UKK13,635249.00
PL912,637851.00
BE241,638030.00
PL514,638659.00
UKI41,638859.00
PL913,639267.00
PL517,641626.00
CZ031,642133.00
HU311,642447.00
UKD37,645740.00
FRI32,646194.00
TR722,646608.00
NL12,647672.00
SK032,647874.00
ES220,649946.00
ES22,649946.00
UKE44,651117.00
FRK21,652437.00
PL414,652618.00
UKH12,653412.00
EL63,655189.00
ITI21,656382.00
FRK14,658243.00
PL418,658508.00
NL413,658616.00
SK010,659598.00
SK01,659598.00
PL225,661228.00
PL416,665874.00
BG421,668334.00
ES431,672493.00
RO223,673709.00
PL22B,675084.00
SK023,676672.00
CH033,678207.00
FRG05,680621.00
NO011,681067.00
FRI15,681157.00
FRB06,681361.00
DE50,682986.00
DE5,682986.00
PL711,684915.00
UKJ14,687466.00
NL221,688799.00
UKK12,690838.00
SK031,691368.00
ES425,691725.00
FRD11,692463.00
RO424,705113.00
ITH54,705393.00
PT18,705478.00
ITF61,705753.00
IE053,705950.00
ES611,706871.00
RO113,706905.00
PL814,709993.00
ES212,713007.00
RO316,717972.00
EL61,718640.00
IE062,720143.00
DK032,724867.00
PL214,725128.00
TR332,725568.00
FRI2,729981.00
FRF31,731615.00
PL22A,733268.00
UKF22,736439.00
NL226,738436.00
BG31,742304.00
PL633,745972.00
FRJ12,747151.00
DE712,753056.00
PL721,753544.00
FRH04,754221.00
AT33,754705.00
UKF30,756920.00
UKF3,756920.00
ES512,757497.00
UKH14,760472.00
FRF12,763774.00
FRK25,764233.00
PL213,766683.00
TRA11,767848.00
PL613,771746.00
TR902,771932.00
NL414,773203.00
NO04,780898.00
ES613,783867.00
BG32,784168.00
DK011,784618.00
UKJ25,791570.00
UKE42,792525.00
RO213,793559.00
UKK43,795012.00
ITF45,795134.00
TRB11,797036.00
CH011,799145.00
SK042,800414.00
ES514,802547.00
HR041,806341.00
TR901,807903.00
LT011,810538.00
LT01,810538.00
CH06,813056.00
AL01,813758.00
FRG02,815111.00
TR82,819468.00
CZ042,820789.00
UKE31,820943.00
FRK28,821382.00
UKE2,824054.00
FRE22,824981.00
SK041,825022.00
TRC31,829195.00
DK02,836738.00
ITC33,841180.00
ITH35,853338.00
SE31,855220.00
FRY40,857961.00
FRY4,857961.00
UKC22,858694.00
ITH32,862418.00
SE21,864630.00
ES705,865756.00
IE04,867947.00
TR412,871187.00
NL332,872211.00
ITC4D,873935.00
UKG24,874190.00
BE22,875842.00
CY000,875899.00
CY00,875899.00
CY0,875899.00
CY,875899.00
AL03,878527.00
HU23,879596.00
ITI2,882015.00
ITH34,887806.00
DK042,890567.00
ITC41,890768.00
AL022,895160.00
NO05,901689.00
FRH02,907331.00
UKJ11,915157.00
EL303,917960.00
ES614,919700.00
ITF31,922965.00
ES532,923608.00
ITH31,926497.00
BG33,929035.00
UKD6,931347.00
UKE1,932645.00
ITH36,937908.00
ES114,941007.00
PL52,946038.00
UKM9,947186.00
ES709,949471.00
TR323,967487.00
ES243,968049.00
SI04,986473.00
HU22,989343.00
Dec-00,990509.00
DEC,990509.00
PL43,1003310.00
NO03,1005070.00
TR422,1010700.00
ITI14,1011349.00
ITH55,1014619.00
ES120,1022205.00
ES12,1022205.00
TR322,1027782.00
TR211,1029927.00
BG34,1032079.00
CH021,1034977.00
FRF33,1038692.00
DED5,1043293.00
TR81,1046711.00
DE72,1047262.00
BE211,1053033.00
HU21,1058236.00
ES43,1065424.00
DE24,1067482.00
FRL05,1068920.00
FRH03,1074841.00
FRL03,1080815.00
DEA23,1085664.00
TRA1,1086156.00
SI03,1094435.00
TR321,1097746.00
ITF35,1098513.00
EL522,1104690.00
ITG17,1107702.00
DE23,1109269.00
BE33,1110068.00
ITC46,1114590.00
CZ04,1115685.00
NL42,1116137.00
ES111,1122006.00
TRB21,1123784.00
TRA2,1124898.00
HU31,1126360.00
FRF11,1130370.00
ES213,1137191.00
TR632,1144851.00
BE24,1146643.00
UKG31,1148862.00
PL84,1152074.00
FI1C,1152719.00
NL21,1156431.00
DE929,1157624.00
CH03,1161105.00
FRJ13,1166070.00
UKL2,1168000.00
AL02,1170142.00
FRC2,1173605.00
CH05,1176321.00
CZ064,1187667.00
ES53,1188220.00
UKI3,1190513.00
UKH23,1194634.00
UKK4,1195198.00
BE25,1196995.00
EL4,1200055.00
UKC1,1201543.00
CZ080,1203299.00
CZ08,1203299.00
ITH4,1215220.00
BE100,1215290.00
BE10,1215290.00
BE1,1215290.00
CZ07,1215413.00
DE73,1219823.00
DK03,1223348.00
PL72,1226243.00
TR221,1226575.00
CZ03,1226805.00
HU33,1237101.00
DE22,1238528.00
FR108,1241800.00
AT22,1243052.00
FRD22,1247452.00
ES612,1249739.00
ITF47,1251994.00
ITG12,1252588.00
FRK24,1263351.00
ITC47,1265954.00
HU120,1278874.00
HU12,1278874.00
FI1D,1284638.00
NO01,1305122.00
NL310,1306912.00
NL31,1306912.00
CZ010,1308632.00
CZ01,1308632.00
ITF1,1311580.00
FR104,1311863.00
FRF2,1314964.00
UKI6,1316772.00
DE26,1317124.00
ES24,1320586.00
DK04,1320678.00
EE00,1324820.00
EE0,1324820.00
EE,1324820.00
BG411,1328120.00
TR831,1335716.00
UKK2,1336003.00
SK03,1339242.00
BE32,1346082.00
UKG1,1352539.00
SE224,1362164.00
FRK1,1362576.00
CZ020,1369332.00
CZ02,1369332.00
NL329,1370657.00
HR03,1374071.00
FI19,1379749.00
IE061,1387606.00
FRJ23,1388447.00
TR721,1389680.00
FR107,1400072.00
PL62,1404441.00
UKE3,1404971.00
BG42,1410248.00
FR102,1417171.00
FRG01,1423365.00
TR331,1429643.00
DED4,1436445.00
NL33C,1441452.00
FR103,1445318.00
HU32,1450960.00
UKC2,1455437.00
FRE12,1457843.00
FRD1,1464500.00
DE212,1471508.00
AT31,1482095.00
ES620,1487663.00
ES62,1487663.00
UKD4,1495318.00
DEB1,1495885.00
RS22,1498079.00
CZ05,1513693.00
BE23,1516283.00
CH040,1520968.00
CH04,1520968.00
SE22,1521848.00
ITI3,1525271.00
UKM8,1541998.00
ITC3,1550640.00
UKD7,1553324.00
DE91,1596396.00
DED2,1598199.00
TR71,1603688.00
DE80,1609675.00
DE8,1609675.00
TR631,1609856.00
FR105,1612763.00
FRI12,1617189.00
FRC1,1619728.00
IE05,1624381.00
SK04,1625436.00
UKG2,1626956.00
ITG2,1639591.00
CH01,1642580.00
FR106,1654892.00
ES617,1660985.00
FI1B1,1671024.00
FI1B,1671024.00
PL42,1675502.00
AT12,1677542.00
RS110,1691919.00
RS11,1691919.00
CZ06,1696941.00
SE12,1708813.00
SE232,1709814.00
DE93,1710914.00
PT11A,1722374.00
NL1,1723829.00
TRC22,1732396.00
SE3,1751604.00
HU110,1752286.00
HU11,1752286.00
TRB1,1762077.00
TR22,1767237.00
DE25,1770401.00
PL911,1775986.00
RO42,1777474.00
TR21,1802315.00
AT2,1803991.00
FRI3,1806292.00
TR622,1814468.00
SK02,1826145.00
RO321,1829897.00
DK01,1835562.00
DE600,1841179.00
DE60,1841179.00
DE6,1841179.00
UKH3,1841887.00
UKF2,1843764.00
FRD2,1848840.00
UKJ4,1854717.00
DE14,1856517.00
RS12,1856911.00
BE21,1860470.00
ES521,1862780.00
FRK26,1865534.00
UKH2,1871847.00
EL52,1873777.00
CH02,1877154.00
UKN0,1885189.00
UKN,1885189.00
DE27,1887754.00
FRF1,1894144.00
AT130,1897491.00
AT13,1897491.00
TR421,1906391.00
RS21,1916855.00
LV00,1919968.00
LV0,1919968.00
LV,1919968.00
FRE2,1925138.00
RO41,1926860.00
UKI5,1940638.00
ITF6,1947131.00
ES618,1949640.00
UKL1,1968383.00
LT02,1983646.00
UKJ3,1993050.00
UKM7,1998699.00
TRC11,2028563.00
FRL04,2031409.00
ES42,2034877.00
TRC21,2035809.00
SE23,2039166.00
DEA4,2055310.00
PL61,2055433.00
DEB3,2057952.00
NL22,2071972.00
MK00,2076953.00
MK0,2076953.00
MK,2077132.00
SI0,2080908.00
SI,2080908.00
PL82,2086135.00
PL81,2097294.00
BG41,2102205.00
UKI7,2103443.00
DEG0,2143145.00
DEG,2143145.00
DE92,2149805.00
FR101,2160928.00
TRB2,2167642.00
ES21,2177880.00
FRY,2190929.00
TR521,2205609.00
ES70,2206901.00
ES7,2206901.00
DEE0,2208321.00
DEE,2208321.00
UKF1,2210381.00
TRA,2211054.00
PT16,2216569.00
TR621,2220125.00
ITC11,2259523.00
DE13,2264469.00
TRC3,2284158.00
PL63,2305077.00
RO32,2315173.00
FRF3,2316183.00
RO12,2318272.00
UKE4,2324560.00
PL92,2327207.00
SE110,2344124.00
SE11,2344124.00
RO22,2396171.00
ES41,2407733.00
IE06,2411912.00
UKJ1,2417428.00
TR611,2426356.00
UKI4,2430890.00
PL71,2453167.00
TR52,2457522.00
TR72,2461269.00
DE40,2511917.00
DE4,2511917.00
UKK1,2516568.00
UKH1,2521676.00
DE94,2525333.00
ES523,2540588.00
NL41,2544806.00
RO11,2552112.00
FRB0,2565258.00
FRB,2565258.00
FRE11,2594456.00
DEA3,2623619.00
UKC,2656980.00
ES11,2700441.00
HR04,2702175.00
EL6,2708105.00
TR90,2719113.00
TR9,2719113.00
FRC,2793333.00
LT0,2794184.00
LT,2794184.00
TRC1,2795617.00
DE12,2805129.00
UKD3,2822003.00
TR83,2822353.00
FRJ1,2838966.00
PT170,2846332.00
PT17,2846332.00
NL32,2853359.00
AL0,2862427.00
AL,2862427.00
PL51,2865072.00
DEF0,2896712.00
DEF,2896712.00
UKJ2,2909838.00
HU2,2927175.00
UKG3,2928377.00
RO31,2929832.00
TR411,2994521.00
HU1,3031160.00
PL91,3053104.00
FRJ2,3060243.00
EL5,3074204.00
ITF33,3084890.00
TR32,3093015.00
TR33,3100666.00
UKL,3136383.00
TR61,3137694.00
AT3,3186318.00
RO21,3198564.00
ITC4C,3250315.00
TR63,3289122.00
FRD,3313340.00
FRH0,3333720.00
FRH,3333720.00
PL21,3360545.00
RS2,3414934.00
FRI1,3450045.00
PL41,3473172.00
BG3,3487586.00
BG4,3512453.00
RS1,3548830.00
TR2,3569552.00
PT11,3572583.00
DEA5,3582497.00
BE3,3643996.00
DE300,3644826.00
DE30,3644826.00
DE3,3644826.00
NL2,3644949.00
NL4,3660943.00
PL7,3679410.00
RO4,3704334.00
NL33,3709139.00
ITI1,3729641.00
EL30,3742235.00
EL3,3742235.00
TRC2,3768205.00
FRG0,3787400.00
FRG,3787400.00
PL5,3811110.00
HU3,3814421.00
AT1,3868466.00
TR42,3878979.00
TRB,3929719.00
DE71,3998724.00
ITF4,4029053.00
TR62,4034593.00
FRE1,4052299.00
SE1,4052937.00
TR7,4064957.00
HR0,4076246.00
HR,4076246.00
DED,4077937.00
DEB,4084844.00
TR41,4089156.00
DE11,4143418.00
ES1,4304287.00
TR310,4320519.00
TR31,4320519.00
ITI43,4342212.00
ITC1,4356406.00
SE2,4425644.00
ITH5,4459477.00
ES2,4461983.00
DEA2,4468904.00
PL22,4488998.00
DE21,4686163.00
TR8,4688532.00
UKF,4811065.00
RO1,4870384.00
IE0,4904240.00
IE,4904240.00
ITH3,4905854.00
ES52,4974969.00
ITG1,4999891.00
FRL0,5048405.00
FRL,5048405.00
DEA1,5202321.00
RO3,5245005.00
NO0,5328212.00
NO,5328212.00
PL8,5335503.00
PL9,5380311.00
SK0,5450421.00
SK,5450421.00
UKM,5454238.00
UKE,5486230.00
FI1,5488130.00
TR510,5503985.00
TR51,5503985.00
ES4,5508034.00
FI,5517919.00
FRF,5525291.00
ES511,5575204.00
RO2,5594735.00
UKK,5616381.00
PL6,5764951.00
ITF3,5801692.00
DK0,5806081.00
DK,5806081.00
ITI4,5879082.00
FRJ,5899209.00
UKG,5907872.00
FRE,5977437.00
FRI,5986318.00
PL4,6151984.00
UKH,6235410.00
DE7,6265809.00
BE2,6596233.00
ITG,6639482.00
ES300,6641649.00
ES30,6641649.00
ES3,6641649.00
FRK2,6643306.00
RS,6963764.00
BG,7000039.00
UKD,7300075.00
ES51,7566431.00
PL2,7849543.00
TR5,7961507.00
TR4,7968135.00
DE9,7982448.00
FRK,8005882.00
NL3,8252442.00
ES61,8427405.00
CH0,8544527.00
CH,8544527.00
TRC,8847980.00
AT,8858775.00
UKI,8982256.00
UKJ,9175033.00
HU,9772756.00
PT1,9779826.00
ITC4,10060574.00
ES6,10084586.00
SE,10230185.00
PT,10276617.00
TR6,10461409.00
TR3,10514200.00
CZ0,10649800.00
CZ,10649800.00
EL,10724599.00
DE1,11069533.00
BE,11455519.00
ITH,11652827.00
ITI,12016009.00
FR10,12244807.00
FR1,12244807.00
DE2,13076721.00
ES5,13729620.00
ITF,13957942.00
EFTA,14268108.00
TR100,15067724.00
TR10,15067724.00
TR1,15067724.00
ITC,16093286.00
NL,17282163.00
DEA,17932651.00
RO,19414458.00
PL,37972812.00
ES,46937060.00
IT,60359546.00
UK,66647112.00
FR,67012883.00
TR,82003882.00
DE,83019213.00
EU27_2020,446824564.00
EU27_2007,509395430.00
EU28,513471676.00
UKXYZ,56286961.00